,Movie,Netflix Result,404,URL
18,1920 London,Not Found,N/A,N/A
74,Abandoned,Not Found,N/A,N/A
81,Abhinetri No. 1,Not Found,N/A,N/A
85,Above the Rim,Not Found,N/A,N/A
87,Acapulco la vida va,Not Found,N/A,N/A
164,All Good,Not Found,N/A,N/A
289,ATM: Er Rak Error,Not Found,N/A,N/A
300,Austin Powers: The Spy Who Shagged Me,Not Found,N/A,N/A
307,Avicii: True Stories,Not Found,N/A,N/A
336,Back to School,Not Found,N/A,N/A
387,Bawarchi,Not Found,N/A,N/A
450,Bhoopadathil Illatha Oridam,Not Found,N/A,N/A
498,Blockbuster,Not Found,N/A,N/A
523,Bombshell: The Hedy Lamarr Story,Not Found,N/A,N/A
612,#cats_the_mewvie,Not Found,N/A,N/A
631,Chashme Baddoor,Not Found,N/A,N/A
671,ChuChuTV Bedtime Stories and Moral Stories for Kids (Hindi),Not Found,N/A,N/A
676,Chupke Chupke,Not Found,N/A,N/A
708,Comedian,Not Found,N/A,N/A
771,Daughter of the Lake,Not Found,N/A,N/A
776,David Batra: Elephant in The Room,Not Found,N/A,N/A
796,Deewana,Not Found,N/A,N/A
869,Dragonheart 3: The Sorcerer's Curse,Not Found,N/A,N/A
870,DragonHeart: A New Beginning,Not Found,N/A,N/A
937,Ely Bali Balak,Not Found,N/A,N/A
941,Emmanuel Macron: Behind the Rise,Not Found,N/A,N/A
943,End Game,Not Found,N/A,N/A
950,Equilibrium,Not Found,N/A,N/A
977,Eza'et Hobb,Not Found,N/A,N/A
1002,Fifty,Not Found,N/A,N/A
1021,Fittest On Earth (The Story of the 2015 Reebok CrossFit Games),Not Found,N/A,N/A
1035,Forever the Moment,Not Found,N/A,N/A
1065,#FriendButMarried,Not Found,N/A,N/A
1068,From Paris with Love,Not Found,N/A,N/A
1108,Get Out Here for me,Not Found,N/A,N/A
1119,Ghosts of Girlfriends Past,Not Found,N/A,N/A
1134,Go!,Not Found,N/A,N/A
1139,God's Not Dead: A Light in Darkness,Not Found,N/A,N/A
1140,Godzilla,Not Found,N/A,N/A
1162,Government Woman,Not Found,N/A,N/A
1177,Gun Runners,Not Found,N/A,N/A
1237,He Named Me Malala,Not Found,N/A,N/A
1243,Hero,Not Found,N/A,N/A
1253,High Society,Not Found,N/A,N/A
1340,Ice,Not Found,N/A,N/A
1363,Immoral Tales,Not Found,N/A,N/A
1364,I'm Not Crazy!,Not Found,N/A,N/A
1389,Interrogation,Not Found,N/A,N/A
1424,Jaal: The Trap,Not Found,N/A,N/A
1505,Joker,Not Found,N/A,N/A
1664,La sangre del gallo,Not Found,N/A,N/A
1707,Lifechanger,Not Found,N/A,N/A
1746,Look and See: A Portrait of Wendell Berry,Not Found,N/A,N/A
1755,Lost in London,Not Found,N/A,N/A
1773,Love Likes Coincidences,Not Found,N/A,N/A
1816,Madness in the Desert: The Paris to Dakar Story,Not Found,N/A,N/A
1819,Magic Carpet Ride,Not Found,N/A,N/A
1828,Major League II,Not Found,N/A,N/A
1835,Malcriados,Not Found,N/A,N/A
1839,Mallu Singh,Not Found,N/A,N/A
1870,Martin Lawrence Live: Runteldat,Not Found,N/A,N/A
1876,Mary's Land,Not Found,N/A,N/A
1881,Match,Not Found,N/A,N/A
1961,Mohtaram Ela 1/4,Not Found,N/A,N/A
1966,Mo' Money,Not Found,N/A,N/A
2053,My Masterpiece,Not Found,N/A,N/A
2088,Natalia Valdebenito: The Loud-mouthed Woman,Not Found,N/A,N/A
2116,Nightmare in Columbia County,Not Found,N/A,N/A
2123,Niyazi Gul At A Gallop,Not Found,N/A,N/A
2130,No Longer kids,Not Found,N/A,N/A
2211,Out Of The Clear Blue Sky,Not Found,N/A,N/A
2218,Paathi: The Half,Not Found,N/A,N/A
2220,Pacíficum,Not Found,N/A,N/A
2226,Pahuna: The Little Visitors,Not Found,N/A,N/A
2228,Paisa Paisa,Not Found,N/A,N/A
2271,Pettson and Findus: The Best Christmas Ever,Not Found,N/A,N/A
2332,Public Works,Not Found,N/A,N/A
2389,#realityhigh,Not Found,N/A,N/A
2431,Ri¢hie Ri¢h,Not Found,N/A,N/A
2449,Rock On!!,Not Found,N/A,N/A
2475,#Rucker50,Not Found,N/A,N/A
2495,Sabrina,Not Found,N/A,N/A
2502,Salaam Kashmier,Not Found,N/A,N/A
2546,Saye Bahr,Not Found,N/A,N/A
2573,Sei,Not Found,N/A,N/A
2574,#Selfie,Not Found,N/A,N/A
2580,September,Not Found,N/A,N/A
2598,Shahed Mashafsh Haga,Not Found,N/A,N/A
2600,Shantet Hamza,Not Found,N/A,N/A
2604,She Hate Me,Not Found,N/A,N/A
2633,Silence Is Welcome,Not Found,N/A,N/A
2635,Silent,Not Found,N/A,N/A
2643,Singapore,Not Found,N/A,N/A
2645,Single,Not Found,N/A,N/A
2656,Sister In Law,Not Found,N/A,N/A
2689,Sometimes it rains,Not Found,N/A,N/A
2700,Soul Thieves,Not Found,N/A,N/A
2701,Sour Apples,Not Found,N/A,N/A
2711,Spiral,Not Found,N/A,N/A
2722,#SquadGoals,Not Found,N/A,N/A
2725,Standoff,Not Found,N/A,N/A
2736,Still,Not Found,N/A,N/A
2754,Submission,Not Found,N/A,N/A
2808,Target,Not Found,N/A,N/A
2862,The App,Not Found,N/A,N/A
2911,The Cakemaker,Not Found,N/A,N/A
2963,The End of Doel's Love Story,Not Found,N/A,N/A
2984,The Fourth Direction,Not Found,N/A,N/A
2991,The Gathering 2,Not Found,N/A,N/A
3068,The Last Party,Not Found,N/A,N/A
3099,The Lovers,Not Found,N/A,N/A
3101,The Magician,Not Found,N/A,N/A
3153,The Pact,Not Found,N/A,N/A
3155,The Peacemaker,Not Found,N/A,N/A
3166,The Plane Tree,Not Found,N/A,N/A
3241,The Student,Not Found,N/A,N/A
3242,The Student,Not Found,N/A,N/A
3249,The Thief and the Fool,Not Found,N/A,N/A
3250,The Third Party,Not Found,N/A,N/A
3307,Thriller,Not Found,N/A,N/A
3326,Tinker Bell and the Pirate Fairy,Not Found,N/A,N/A
3348,To Noora with Love,Not Found,N/A,N/A
3445,Urban Cowboy: The Rise and Fall of Gilley's,Not Found,N/A,N/A
3447,Urumbukal Urangarilla,Not Found,N/A,N/A
3487,Wahed Sahih,Not Found,N/A,N/A
3489,Waiting for the Hearse,Not Found,N/A,N/A
3505,Water,Not Found,N/A,N/A
3507,W.E.,Not Found,N/A,N/A
3512,We Are Moluccans,Not Found,N/A,N/A
3515,Wedding Association,Not Found,N/A,N/A
3533,What Makes a Psychopath?,Not Found,N/A,N/A
3556,Who are you?,Not Found,N/A,N/A
3557,Who the Fuck is That Guy?: The Fabulous Journey of Michael Alago,Not Found,N/A,N/A
3565,Wild Tango,Not Found,N/A,N/A
3596,Yes or No: Come Back to Me,Not Found,N/A,N/A
3615,Zachariayude Garbhinikal,Not Found,N/A,N/A
3618,ZANZ,Not Found,N/A,N/A
3632,审死官,Not Found,N/A,N/A
